Workbook

Sheet Lisez-moi
A1: Meeshy — Niveaux de proximité, features et règles
A2: Version de travail · 31/10/2026 · document produit à discuter
A4: Onglet | B4: Contenu
A5: Niveaux | B5: Les 7 niveaux, de l'Univers (Public) à l'Atome : définition, entrée, validation, plafond, sortie, règles mineurs.
A6: Features | B6: Catalogue complet : description, comportement, règles, accès par niveau, défaut, notification, mineurs, priorité, statut.
A7: Règles | B7: Règles de gestion transverses (RG-xx) à appliquer partout.
A8: Synthèse | B8: Comptages automatiques (formules) par module, priorité et niveau.
A9: Tests talkie | B9: Plan de tests réels du talkie-walkie instantané entre Proches et Sangs (MVP).
A11: Légende accès | B11: Signification
A12: Oui | B12: Disponible à ce niveau (sous réserve des réglages de la personne).
A13: Option | B13: Disponible si la personne l'active.
A14: Sur demande | B14: Possible mais soumis à une demande / validation.
A15: Temporaire | B15: Uniquement en partage limité dans le temps.
A16: Non | B16: Pas disponible à ce niveau.
... A20: À modifier | B20: Les colonnes d'accès (Features, colonnes K à Q) ont une liste déroulante ; la Synthèse se recalcule toute seule.

Sheet Niveaux
A1: Niveau | B1: Code | C1: Nom | D1: Icône | E1: Image atomique | F1: Définition | G1: Comment on y entre | H1: Validation | I1: Plafond | J1: Ancienneté minimale | K1: Sortie / baisse | L1: Règle mineurs
A2: 0 | B2: PUBLIC | C2: Univers (Public) | D2: 🌐 | E2: Le vide / l'univers | F2: Toute personne sans aucun lien avec moi. | G2: Par défaut pour tout inconnu. | H2: Aucune | I2: Illimité | J2: — | K2: — | L2: Profil d'un mineur masqué au Public par défaut ; messages du Public bloqués pour les mineurs.
A3: 1 | B3: COMMUNITY | C3: Communauté | D3: 👥 | E3: Le champ (nuage électronique) | F3: Membres d'au moins une communauté / un groupe en commun, sans lien direct. | G3: Automatique dès qu'on partage une communauté. | H3: Aucune (calculé) | I3: Illimité | J3: — | K3: Quitter la communauté ou bloquer. | L3: Messages privés soumis à la boîte de demandes.
A4: 2 | B4: ACQUAINTANCE | C4: Connaissance | D4: 👋 | E4: Électrons libres | F4: Le lien de BASE entre deux personnes. Messages privés directs. | G4: Automatique quand, dans chaque sens, ~10 interactions (messages, likes, vues de posts) dont au moins 1 de chaque type sur le contenu de l'autre ET 1 message audio envoyé ; ou demande de connexion acceptée. | H4: Aucune si automatique ; acceptation si sur demande | I4: Illimité | J4: Conditions d'interaction ci-contre | K4: Rétrogradation silencieuse. | L4: Création automatique désactivée entre un mineur et un majeur inconnu.
A5: 3 | B5: FRIEND | C5: Ami | D5: 🤝 | E5: En orbite | F5: Le concept d'amis actuel. Voient : présence « en ligne » ou rien, niveau, nomination (titres) et rang. Ne voient plus mes commentaires ailleurs ni qui commente mes publications. | G5: Demande de connexion acceptée, uniquement depuis Connaissance. | H5: Acceptation par l'autre | I5: Illimité | J5: Être Connaissance | K5: Retirer des amis sans notification. | L5: Comportement actuel.
A6: 4 | B6: CLOSE | C6: Proche | D6: 🔥 | E6: Noyau dur | F6: Voient en plus : présence détaillée (en ligne, absent, inactif, vu il y a…), étincelles et gloire, qui commente mes posts, la catégorie de ce que j'écoute ou regarde (sans détail) ; reçoivent les notifications de mes posts ; talkie instantané ; Bring si je l'autorise. | G6: Demande acceptée, depuis Ami seulement. | H6: Acceptation explicite | I6: Illimité | J6: 1 mois d'interactions continues (4 semaines actives d'affilée) | K6: Rétrogradation silencieuse ; cool-down 30 j avant nouvelle demande. | L6: Autorisé, position uniquement temporaire.
A7: 5 | B7: BLOOD | C7: Sang | D7: 🩸 | E7: Liaison fusionnelle | F7: Le mode fusionnel : position en temps réel + historique de trajets 30 j (visible seulement entre Sangs et par l'Atome), alerte de proximité, ce que X écoute/regarde avec le titre et l'origine, voient mes commentaires ailleurs. | G7: Demande + rituel de passage synchronisé, depuis Proche seulement. | H7: Double confirmation + écran de consentement feature par feature | I7: Illimité | J7: 1 an d'interactions continues (52 semaines actives d'affilée) | K7: Rétrogradation silencieuse ; rappel de consentement tous les 90 j. | L7: Entre mineurs d'âge proche ou famille vérifiée uniquement ; position live limitée hors famille.
A8: 6 | B8: ATOM | C8: Atome | D8: ⚛️ | E8: Le noyau qui gère ses électrons | F8: Lien de contrôle parental (ou de tutelle) asymétrique : l'Atome (parent/tuteur) gère ses électrons (enfants ou personnes accompagnées). Pas une étape après le Sang : un rôle à part. | G8: L'Atome invite l'électron (ou crée le compte enfant) ; lien parent/tuteur vérifié. | H8: Électron mineur : vérification du lien parental. Électron majeur : consentement explicite, révocable à tout moment. | I8: 7 électrons max par Atome (hypothèse : 2 Atomes max par électron) | J8: — | K8: Électron majeur : sortie en un geste. Électron mineur : à 18 ans, le lien prend fin ou devient Sang si l'électron le choisit. | L8: Usage principal : parents d'enfants mineurs. L'Atome voit l'historique de trajets 30 j de ses électrons ; l'électron voit toujours ce que l'Atome voit (indicateur permanent).

Sheet Features
A1: ID | B1: Module | C1: Feature | D1: Description | E1: Comportement attendu | F1: Règles de gestion / garde-fous | G1: Défaut | H1: Notifie l'autre ? | I1: Règle mineurs | J1: Priorité | K1: 0 · Univers 🌐 | L1: 1 · Communauté 👥 | M1: 2 · Connaissance 👋 | N1: 3 · Ami 🤝 | O1: 4 · Proche 🔥 | P1: 5 · Sang 🩸 | Q1: 6 · Atome ⚛️ | R1: Statut
A2: PRO-01 | B2: Profil | C2: Profil public | D2: Photo, pseudo, bio, langue(s) parlée(s). | E2: Affiché selon l'audience choisie. | F2: Le profil n'expose jamais position, activité ni interactions au Public. | G2: ON | H2: — | I2: Masqué au Public par défaut | J2: MVP | K2: Oui | L2: Oui | M2: Oui | N2: Oui | O2: Oui | P2: Oui | Q2: Oui | R2: Socle (à vérifier)
A3: PRO-02 | B3: Profil | C3: Profil par cercle | D3: Photo/bio différentes selon le niveau du visiteur. | E3: Le visiteur voit la version de notre niveau effectif. | F3: 3 variantes max ; repli sur la version publique. | G3: OFF | H3: Non | I3: — | J3: V2 | K3: Option | L3: Option | M3: Option | N3: Option | O3: Option | P3: Option | Q3: Option | R3: Nouveau
A4: PRO-03 | B4: Profil | C4: Statut / humeur | D4: Emoji + texte court. | E4: Expire après 24 h. | F4: Audience réglable par niveau minimum. | G4: ON | H4: Non | I4: — | J4: MVP | K4: Non | L4: Option | M4: Option | N4: Oui | O4: Oui | P4: Oui | Q4: Oui | R4: Nouveau
A5: PRO-04 | B5: Profil | C5: Badge de niveau | D5: Icône du niveau commun affichée sur le profil et dans le chat. | E5: Visible uniquement par les deux personnes concernées. | F5: Toujours le niveau effectif (minimum des deux). | G5: ON | H5: — | I5: — | J5: MVP | K5: Non | L5: Non | M5: Oui | N5: Oui | O5: Oui | P5: Oui | Q5: Oui | R5: Nouveau
A6: PRO-05 | B6: Profil | C6: Surnom privé | D6: Donner un surnom à un contact. | E6: À partir de Sang, le surnom peut être partagé avec l'autre. | F6: Partage du surnom = accord de l'autre. | G6: OFF | H6: Si partagé | I6: — | J6: V2 | K6: Non | L6: Non | M6: Option | N6: Option | O6: Option | P6: Option | Q6: Oui | R6: Nouveau
A7: PRO-06 | B7: Profil | C7: Masquer mes cercles | D7: Personne ne sait qui est dans mes Proches/Sang/Atome. | E7: Les listes de cercles sont privées par défaut. | F7: Seul le lien commun est visible des deux personnes. | G7: ON | H7: — | I7: — | J7: MVP | K7: Oui | L7: Oui | M7: Oui | N7: Oui | O7: Oui | P7: Oui | Q7: Oui | R7: Nouveau
A8: REL-01 | B8: Relations | C8: Niveau effectif = minimum des deux | D8: Chacun choisit le niveau qu'il accorde à l'autre. | E8: Les droits appliqués sont ceux du niveau le plus bas. | F8: Aucune surveillance à sens unique possible. | G8: ON | H8: — | I8: — | J8: MVP | K8: Oui | L8: Oui | M8: Oui | N8: Oui | O8: Oui | P8: Oui | Q8: Oui | R8: Nouveau
A9: REL-02 | B9: Relations | C9: Connaissance automatique | D9: Le lien de base se crée tout seul quand les conditions sont réunies. | E9: Dans chaque sens : ~10 interactions (messages, likes/réactions, vues de posts), dont au moins 1 de chaque type sur le contenu de l'autre, ET au moins 1 message audio envoyé à l'autre. Le lien apparaît chez les deux. | F9: Seuils réglables en config ; recalcul idempotent côté serveur ; un blocage annule. | G9: ON | H9: Oui (discret) | I9: Désactivé entre mineur et majeur inconnu | J9: MVP | K9: Oui | L9: Oui | M9: Non | N9: Non | O9: Non | P9: Non | Q9: Non | R9: Nouveau
A10: REL-03 | B10: Relations | C10: Connaissance sur demande | D10: Créer le lien Connaissance sans attendre les conditions. | E10: Demande de connexion acceptée par l'autre depuis Public ou Communauté. | F10: Refus silencieux ; cool-down 30 j. | G10: — | H10: Oui (demande) | I10: Demandes de majeurs inconnus filtrées | J10: MVP | K10: Oui | L10: Oui | M10: Non | N10: Non | O10: Non | P10: Non | Q10: Non | R10: Nouveau
A11: REL-04 | B11: Relations | C11: Demande de connexion vers Ami | D11: Le flux d'amitié actuel (FriendRequest, « demande de connexion »). | E11: Possible uniquement depuis Connaissance : aucune phase ne se saute. | F11: Compat : une demande d'un ancien client hors Connaissance reste acceptée (exception mesurée, retirée à zéro usage) ; refus non renvoyable avant 30 j. | G11: ON | H11: Oui | I11: Demandes de majeurs inconnus filtrées | J11: MVP | K11: Non | L11: Non | M11: Oui | N11: Non | O11: Non | P11: Non | Q11: Non | R11: Socle (à vérifier)
A12: REL-05 | B12: Relations | C12: Demande Proche | D12: Demander à un Ami de devenir Proche. | E12: Possible depuis Ami seulement, une fois éligible (1 mois d'interactions continues) ; l'autre accepte, ignore ou refuse sans que le refus soit notifié. | F12: Pas de plafond ; pas de saut de phase. | G12: — | H12: Oui (demande) | I12: Autorisé | J12: MVP | K12: Non | L12: Non | M12: Non | N12: Oui | O12: Non | P12: Non | Q12: Non | R12: Nouveau
... A119: MIN-04 | B119: Mineurs & Modération | C119: Modération des signalements | D119: Traitement humain + automatique. | E119: Priorité aux signalements impliquant des mineurs ou la position. | F119: — | G119: ON | H119: — | I119: Prioritaire | J119: MVP | K119: Oui | L119: Oui | M119: Oui | N119: Oui | O119: Oui | P119: Oui | Q119: Oui | R119: Socle (à vérifier)

Sheet Règles
A1: ID | B1: Domaine | C1: Règle | D1: Pourquoi / note
A2: RG-01 | B2: Relations | C2: Le niveau effectif d'un lien est le minimum des niveaux accordés par chacun. | D2: Exception : le lien Atome → électron est asymétrique par nature (contrôle parental).
A3: RG-02 | B3: Relations | C3: Toute relation commence au Public ; Communauté est calculée. La Connaissance est le lien de base : créée automatiquement quand les conditions d'interaction sont réunies (dans chaque sens : ~10 interactions dont au moins 1 message, 1 like, 1 vue de post et 1 message audio), ou sur demande de connexion acceptée. | D3: Seuils réglables en config.
A4: RG-03 | B4: Relations | C4: Ami, Proche et Sang s'obtiennent toujours sur demande acceptée, seulement quand les conditions sont remplies, et cran par cran : on ne saute jamais une phase. L'Atome est un rôle de contrôle parental, pas une étape. | D4: Respecte les anciennetés minimales.
A5: RG-04 | B5: Relations | C5: Continuité d'interactions (commentaire, like/réaction, message privé, partage de post, réponse de story, mention, appel) : Proche = 1 mois continu, Sang = 1 an continu. Semaine active = chacun a interagi avec l'autre ; une semaine manquée remet la série à zéro ; le niveau atteint est conservé. | D5: L'éligibilité permet de proposer ; elle ne fait jamais monter automatiquement. Règle à confirmer en décision produit.
A6: RG-05 | B6: Relations | C6: Pas de plafond pour Proche ni Sang. Un Atome gère 7 électrons maximum ; un électron a 2 Atomes maximum. | D6: Le maximum de 2 Atomes par électron est une hypothèse (deux parents/tuteurs).
A7: RG-06 | B7: Relations | C7: L'Atome gère ses électrons ; les électrons d'un même Atome ne gagnent aucun droit les uns sur les autres. | D7: Les frères et sœurs restent liés par leurs propres niveaux.
A8: RG-07 | B8: Relations | C8: Descendre de niveau, sortir d'un cercle ou bloquer ne génère aucune notification. | D8: Protège les personnes sous emprise.
A9: RG-08 | B9: Relations | C9: Après une baisse ou un refus, l'autre ne peut pas redemander de montée avant 30 jours. | D9: Anti-harcèlement.
A10: RG-09 | B10: Consentement | C10: Le niveau fixe un plafond de droits ; chaque partage (position, activité, interactions) reste activé individuellement. | D10: Le rituel présente chaque partage avec une case à cocher.
A11: RG-10 | B11: Consentement | C11: Rappels périodiques de consentement : Proche avec position 30 j, Sang 90 j, électron majeur d'un Atome 60 j. | D11: Réponse en un tap.
A12: RG-11 | B12: Atome | C12: L'électron voit toujours ce que l'Atome voit ; à 18 ans, les contrôles sont retirés (fin du lien ou passage en Sang au choix de l'électron). | D12: Transparence non désactivable.
... A32: RG-24 | B32: Sécurité | C32: Le SOS force un partage live de 1 h vers les Sangs et l'Atome, même si les partages étaient coupés, sauf vers une personne bloquée. | D32: —

Sheet Synthèse
A1: Synthèse (calculée depuis l'onglet Features)
A3: Module | B3: Nb features | C3: MVP | D3: V2 | E3: V3 | F3: Nouveau
A4: Profil | B4: =COUNTIF(Features!$B$2:$B$119,A4) -> 6 | C4: =COUNTIFS(Features!$B$2:$B$119,$A4,Features!$J$2:$J$119,"MVP") -> 4 | D4: =COUNTIFS(Features!$B$2:$B$119,$A4,Features!$J$2:$J$119,"V2") -> 2 | E4: =COUNTIFS(Features!$B$2:$B$119,$A4,Features!$J$2:$J$119,"V3") -> 0 | F4: =COUNTIFS(Features!$B$2:$B$119,$A4,Features!$R$2:$R$119,"Nouveau") -> 5
A5: Relations | B5: =COUNTIF(Features!$B$2:$B$119,A5) -> 15 | C5: =COUNTIFS(Features!$B$2:$B$119,$A5,Features!$J$2:$J$119,"MVP") -> 10 | D5: =COUNTIFS(Features!$B$2:$B$119,$A5,Features!$J$2:$J$119,"V2") -> 5 | E5: =COUNTIFS(Features!$B$2:$B$119,$A5,Features!$J$2:$J$119,"V3") -> 0 | F5: =COUNTIFS(Features!$B$2:$B$119,$A5,Features!$R$2:$R$119,"Nouveau") -> 13
A6: Messagerie | B6: =COUNTIF(Features!$B$2:$B$119,A6) -> 12 | C6: =COUNTIFS(Features!$B$2:$B$119,$A6,Features!$J$2:$J$119,"MVP") -> 7 | D6: =COUNTIFS(Features!$B$2:$B$119,$A6,Features!$J$2:$J$119,"V2") -> 4 | E6: =COUNTIFS(Features!$B$2:$B$119,$A6,Features!$J$2:$J$119,"V3") -> 1 | F6: =COUNTIFS(Features!$B$2:$B$119,$A6,Features!$R$2:$R$119,"Nouveau") -> 6
A7: Traduction | B7: =COUNTIF(Features!$B$2:$B$119,A7) -> 3 | C7: =COUNTIFS(Features!$B$2:$B$119,$A7,Features!$J$2:$J$119,"MVP") -> 2 | D7: =COUNTIFS(Features!$B$2:$B$119,$A7,Features!$J$2:$J$119,"V2") -> 1 | E7: =COUNTIFS(Features!$B$2:$B$119,$A7,Features!$J$2:$J$119,"V3") -> 0 | F7: =COUNTIFS(Features!$B$2:$B$119,$A7,Features!$R$2:$R$119,"Nouveau") -> 2
A8: Appels | B8: =COUNTIF(Features!$B$2:$B$119,A8) -> 4 | C8: =COUNTIFS(Features!$B$2:$B$119,$A8,Features!$J$2:$J$119,"MVP") -> 4 | D8: =COUNTIFS(Features!$B$2:$B$119,$A8,Features!$J$2:$J$119,"V2") -> 0 | E8: =COUNTIFS(Features!$B$2:$B$119,$A8,Features!$J$2:$J$119,"V3") -> 0 | F8: =COUNTIFS(Features!$B$2:$B$119,$A8,Features!$R$2:$R$119,"Nouveau") -> 2
A9: Posts & Stories | B9: =COUNTIF(Features!$B$2:$B$119,A9) -> 8 | C9: =COUNTIFS(Features!$B$2:$B$119,$A9,Features!$J$2:$J$119,"MVP") -> 5 | D9: =COUNTIFS(Features!$B$2:$B$119,$A9,Features!$J$2:$J$119,"V2") -> 3 | E9: =COUNTIFS(Features!$B$2:$B$119,$A9,Features!$J$2:$J$119,"V3") -> 0 | F9: =COUNTIFS(Features!$B$2:$B$119,$A9,Features!$R$2:$R$119,"Nouveau") -> 5
A10: Interactions | B10: =COUNTIF(Features!$B$2:$B$119,A10) -> 5 | C10: =COUNTIFS(Features!$B$2:$B$119,$A10,Features!$J$2:$J$119,"MVP") -> 4 | D10: =COUNTIFS(Features!$B$2:$B$119,$A10,Features!$J$2:$J$119,"V2") -> 0 | E10: =COUNTIFS(Features!$B$2:$B$119,$A10,Features!$J$2:$J$119,"V3") -> 1 | F10: =COUNTIFS(Features!$B$2:$B$119,$A10,Features!$R$2:$R$119,"Nouveau") -> 2
A11: Présence & Activité | B11: =COUNTIF(Features!$B$2:$B$119,A11) -> 7 | C11: =COUNTIFS(Features!$B$2:$B$119,$A11,Features!$J$2:$J$119,"MVP") -> 3 | D11: =COUNTIFS(Features!$B$2:$B$119,$A11,Features!$J$2:$J$119,"V2") -> 2 | E11: =COUNTIFS(Features!$B$2:$B$119,$A11,Features!$J$2:$J$119,"V3") -> 2 | F11: =COUNTIFS(Features!$B$2:$B$119,$A11,Features!$R$2:$R$119,"Nouveau") -> 6
A12: Localisation | B12: =COUNTIF(Features!$B$2:$B$119,A12) -> 12 | C12: =COUNTIFS(Features!$B$2:$B$119,$A12,Features!$J$2:$J$119,"MVP") -> 8 | D12: =COUNTIFS(Features!$B$2:$B$119,$A12,Features!$J$2:$J$119,"V2") -> 3 | E12: =COUNTIFS(Features!$B$2:$B$119,$A12,Features!$J$2:$J$119,"V3") -> 1 | F12: =COUNTIFS(Features!$B$2:$B$119,$A12,Features!$R$2:$R$119,"Nouveau") -> 11
A13: Sécurité | B13: =COUNTIF(Features!$B$2:$B$119,A13) -> 6 | C13: =COUNTIFS(Features!$B$2:$B$119,$A13,Features!$J$2:$J$119,"MVP") -> 1 | D13: =COUNTIFS(Features!$B$2:$B$119,$A13,Features!$J$2:$J$119,"V2") -> 3 | E13: =COUNTIFS(Features!$B$2:$B$119,$A13,Features!$J$2:$J$119,"V3") -> 2 | F13: =COUNTIFS(Features!$B$2:$B$119,$A13,Features!$R$2:$R$119,"Nouveau") -> 5
A14: Projets | B14: =COUNTIF(Features!$B$2:$B$119,A14) -> 6 | C14: =COUNTIFS(Features!$B$2:$B$119,$A14,Features!$J$2:$J$119,"MVP") -> 2 | D14: =COUNTIFS(Features!$B$2:$B$119,$A14,Features!$J$2:$J$119,"V2") -> 4 | E14: =COUNTIFS(Features!$B$2:$B$119,$A14,Features!$J$2:$J$119,"V3") -> 0 | F14: =COUNTIFS(Features!$B$2:$B$119,$A14,Features!$R$2:$R$119,"Nouveau") -> 6
A15: Gamification & Souvenirs | B15: =COUNTIF(Features!$B$2:$B$119,A15) -> 10 | C15: =COUNTIFS(Features!$B$2:$B$119,$A15,Features!$J$2:$J$119,"MVP") -> 3 | D15: =COUNTIFS(Features!$B$2:$B$119,$A15,Features!$J$2:$J$119,"V2") -> 4 | E15: =COUNTIFS(Features!$B$2:$B$119,$A15,Features!$J$2:$J$119,"V3") -> 3 | F15: =COUNTIFS(Features!$B$2:$B$119,$A15,Features!$R$2:$R$119,"Nouveau") -> 8
... A19: Mineurs & Modération | B19: =COUNTIF(Features!$B$2:$B$119,A19) -> 4 | C19: =COUNTIFS(Features!$B$2:$B$119,$A19,Features!$J$2:$J$119,"MVP") -> 4 | D19: =COUNTIFS(Features!$B$2:$B$119,$A19,Features!$J$2:$J$119,"V2") -> 0 | E19: =COUNTIFS(Features!$B$2:$B$119,$A19,Features!$J$2:$J$119,"V3") -> 0 | F19: =COUNTIFS(Features!$B$2:$B$119,$A19,Features!$R$2:$R$119,"Nouveau") -> 3
A20: Total | B20: =SUM(B4:B19) -> 118 | C20: =SUM(C4:C19) -> 65 | D20: =SUM(D4:D19) -> 43 | E20: =SUM(E4:E19) -> 10 | F20: =SUM(F4:F19) -> 92
A23: Niveau | B23: Oui | C23: Option | D23: Sur demande | E23: Temporaire | F23: Accessible (total hors Non)
A24: 0 · Univers 🌐 | B24: =COUNTIF(Features!$K$2:$K$119,"Oui") -> 29 | C24: =COUNTIF(Features!$K$2:$K$119,"Option") -> 4 | D24: =COUNTIF(Features!$K$2:$K$119,"Sur demande") -> 3 | E24: =COUNTIF(Features!$K$2:$K$119,"Temporaire") -> 0 | F24: =SUM(B24:E24) -> 36
A25: 1 · Communauté 👥 | B25: =COUNTIF(Features!$L$2:$L$119,"Oui") -> 32 | C25: =COUNTIF(Features!$L$2:$L$119,"Option") -> 5 | D25: =COUNTIF(Features!$L$2:$L$119,"Sur demande") -> 3 | E25: =COUNTIF(Features!$L$2:$L$119,"Temporaire") -> 0 | F25: =SUM(B25:E25) -> 40
A26: 2 · Connaissance 👋 | B26: =COUNTIF(Features!$M$2:$M$119,"Oui") -> 42 | C26: =COUNTIF(Features!$M$2:$M$119,"Option") -> 8 | D26: =COUNTIF(Features!$M$2:$M$119,"Sur demande") -> 2 | E26: =COUNTIF(Features!$M$2:$M$119,"Temporaire") -> 0 | F26: =SUM(B26:E26) -> 52
A27: 3 · Ami 🤝 | B27: =COUNTIF(Features!$N$2:$N$119,"Oui") -> 54 | C27: =COUNTIF(Features!$N$2:$N$119,"Option") -> 6 | D27: =COUNTIF(Features!$N$2:$N$119,"Sur demande") -> 0 | E27: =COUNTIF(Features!$N$2:$N$119,"Temporaire") -> 1 | F27: =SUM(B27:E27) -> 61
A28: 4 · Proche 🔥 | B28: =COUNTIF(Features!$O$2:$O$119,"Oui") -> 64 | C28: =COUNTIF(Features!$O$2:$O$119,"Option") -> 10 | D28: =COUNTIF(Features!$O$2:$O$119,"Sur demande") -> 0 | E28: =COUNTIF(Features!$O$2:$O$119,"Temporaire") -> 2 | F28: =SUM(B28:E28) -> 76
A29: 5 · Sang 🩸 | B29: =COUNTIF(Features!$P$2:$P$119,"Oui") -> 79 | C29: =COUNTIF(Features!$P$2:$P$119,"Option") -> 15 | D29: =COUNTIF(Features!$P$2:$P$119,"Sur demande") -> 0 | E29: =COUNTIF(Features!$P$2:$P$119,"Temporaire") -> 0 | F29: =SUM(B29:E29) -> 94
A30: 6 · Atome ⚛️ | B30: =COUNTIF(Features!$Q$2:$Q$119,"Oui") -> 93 | C30: =COUNTIF(Features!$Q$2:$Q$119,"Option") -> 10 | D30: =COUNTIF(Features!$Q$2:$Q$119,"Sur demande") -> 0 | E30: =COUNTIF(Features!$Q$2:$Q$119,"Temporaire") -> 0 | F30: =SUM(B30:E30) -> 103

Sheet Tests talkie
A1: ID | B1: Scénario | C1: Conditions | D1: Résultat attendu | E1: Critère de réussite | F1: iOS | G1: Android | H1: Résultat | I1: Notes
A2: TK-01 | B2: Appli ouverte | C2: Les deux en Wi-Fi, appli au premier plan. | D2: La voix sort immédiatement sur le haut-parleur. | E2: Latence < 500 ms
A3: TK-02 | B3: Appli en arrière-plan | C3: Récepteur sur une autre appli. | D3: La voix est jouée sans ouvrir Meeshy. | E3: Latence < 1 s
A4: TK-03 | B4: Téléphone verrouillé | C4: Écran éteint depuis plus de 10 min. | D4: La voix est jouée ; indicateur sur l'écran verrouillé. | E4: Réception 10/10 essais
A5: TK-04 | B5: Appli fermée (tuée) | C5: Appli balayée hors du multitâche. | D5: Réception via PushToTalk (iOS) / service au premier plan (Android), ou message vocal de repli. | E5: Comportement documenté
A6: TK-05 | B6: Réseau 4G / 5G | C6: Les deux en données mobiles. | D6: Voix claire. | E6: Latence < 1 s
A7: TK-06 | B7: Réseau faible / bascule | C7: Passage Wi-Fi → 4G pendant l'envoi. | D7: Pas de coupure ou reprise automatique. | E7: Aucun message perdu
A8: TK-07 | B8: Écouteurs / Bluetooth | C8: Récepteur avec écouteurs connectés. | D8: Audio dans les écouteurs, pas sur le haut-parleur. | E8: 10/10
A9: TK-08 | B9: En appel | C9: Récepteur en appel téléphonique ou Meeshy. | D9: Pas de lecture directe ; message vocal mis en attente. | E9: Aucune interruption de l'appel
A10: TK-09 | B10: Ne pas déranger / heures calmes | C10: Mode activé chez le récepteur. | D10: Pas de lecture directe ; vocal en attente. | E10: 10/10
A11: TK-10 | B11: Réception désactivée | C11: Le récepteur a coupé la réception directe pour cet expéditeur. | D11: Arrive comme un message vocal classique. | E11: 10/10
A12: TK-11 | B12: Niveau insuffisant | C12: L'expéditeur est Ami ou a été rétrogradé sous Proche. | D12: Talkie indisponible côté expéditeur. | E12: Refus côté serveur
A13: TK-12 | B13: Blocage en cours | C13: Le récepteur bloque pendant une transmission. | D13: Coupure immédiate. | E13: < 1 s
... A19: TK-18 | B19: Mineurs | C19: Électron mineur, talkie activé par l'Atome. | D19: Fonctionne seulement avec l'Atome et les Proches/Sangs autorisés. | E19: Refus pour les autres
A21: Remplir les colonnes iOS, Android et Résultat (liste : OK / KO / Partiel / À tester). Les seuils de latence et de batterie sont des cibles proposées, à ajuster.
A22: Tests OK | B22: =COUNTIF(H2:H19,"OK")&" / "&COUNTA(B2:B19) -> 0 / 18
